,Price (Cr),Location,Area (Marla),Bedrooms,Bathrooms
0,2.1,3.5698529411764706,5.0,4,4
1,5.49,2.9976595744680847,10.0,6,7
2,4.15,2.9976595744680847,10.0,6,7
3,14.9,9.743124363636364,20.0,6,6
4,4.0,2.9976595744680847,10.0,5,6
5,3.5,4.157913669064748,8.0,5,6
6,125.0,15.967727272727274,200.0,10,6
7,22.0,9.743124363636364,40.0,5,6
8,16.2,11.531578947368422,14.0,3,3
9,3.4,3.583207547169811,7.0,5,7
10,13.5,10.208433734939758,10.0,6,6
11,3.4,9.743124363636364,7.0,2,3
12,4.5,7.064183673469388,4.0,3,5
13,1.4,1.4,4.0,5,5
14,29.0,52.91935483870968,22.0,6,6
15,1.0,15.967727272727274,4.3,2,2
16,2.85,4.080263157894737,7.0,5,6
17,0.95,2.1561538461538463,7.1,3,3
18,1.65,2.1561538461538463,6.5,3,3
19,1.55,1.4416666666666667,5.0,6,6
20,1.1,1.4416666666666667,5.0,3,3
21,3.1,2.1561538461538463,9.3,6,7
22,1.6,1.4416666666666667,5.0,6,7
23,1.45,1.525,7.0,3,3
24,0.55,2.4908333333333332,3.8,2,2
25,4.3,2.9976595744680847,10.0,5,6
26,3.85,2.9976595744680847,10.0,5,6
27,11.5,10.208433734939758,10.0,6,7
28,2.4,2.511978787878788,5.0,4,5
29,4.75,4.157913669064748,10.0,5,6
30,3.0,1.9485714285714286,7.0,5,5
31,5.8,18.38326530612245,3.8,1,1
32,9.5,18.38326530612245,8.7,3,3
33,10.9,9.743124363636364,20.0,6,6
34,4.3,4.3,8.0,5,6
35,2.7,3.5698529411764706,8.0,4,6
36,3.5,3.286363636363636,7.0,4,6
37,7.5,3.583207547169811,20.0,6,6
38,0.62,4.195,3.4,2,2
39,7.5,4.080263157894737,20.0,6,6
40,0.55,2.1561538461538463,3.5,2,2
41,3.8,2.4908333333333332,10.0,6,7
42,0.55,2.1561538461538463,2.5,1,1
43,3.9,2.1561538461538463,10.0,6,7
44,2.4,2.1561538461538463,7.0,6,7
45,3.9,2.1561538461538463,9.3,6,7
46,0.58,2.1561538461538463,3.8,2,2
47,1.2,2.511978787878788,6.7,3,3
48,9.95,9.743124363636364,20.0,6,6
49,10.9,9.743124363636364,20.0,5,6
50,10.5,4.157913669064748,20.0,6,6
51,4.85,7.064183673469388,8.0,5,7
52,4.3,10.208433734939758,4.0,4,4
53,13.5,10.208433734939758,10.0,5,6
54,2.35,4.157913669064748,5.0,3,5
55,2.8,2.511978787878788,5.0,4,6
56,3.95,2.511978787878788,8.0,4,5
57,1.35,15.967727272727274,3.3,1,1
58,2.5,3.583207547169811,8.0,3,4
59,2.5,2.584,5.0,3,4
60,3.2,3.2,7.0,4,6
61,0.75,2.9976595744680847,2.7,1,1
62,4.1,7.064183673469388,4.0,4,4
63,0.95,2.1561538461538463,5.6,3,3
64,3.75,2.4908333333333332,20.0,3,3
65,0.7,2.1561538461538463,3.8,2,2
66,1.15,1.4416666666666667,5.0,3,3
67,0.3,2.4908333333333332,1.8,1,1
68,27.0,10.208433734939758,20.0,11,7
69,0.58,2.4908333333333332,3.8,2,2
70,4.8,2.1561538461538463,20.0,9,7
71,5.5,4.157913669064748,10.0,4,6
72,5.65,10.208433734939758,5.0,4,4
73,5.45,11.531578947368422,6.6,4,4
74,3.0,3.5072727272727273,5.0,4,4
75,5.35,4.157913669064748,10.0,5,6
76,4.65,4.157913669064748,10.0,5,6
77,7.5,3.583207547169811,20.0,6,7
78,16.5,11.531578947368422,14.0,7,6
79,7.5,9.743124363636364,10.0,5,5
80,12.25,9.743124363636364,20.0,6,7
81,8.0,7.064183673469388,10.0,6,7
82,7.9,7.064183673469388,10.0,6,7
83,8.85,7.064183673469388,10.0,6,7
84,2.5,2.511978787878788,5.0,4,6
85,8.9,7.064183673469388,10.0,6,7
86,1.75,1.4416666666666667,7.0,3,3
87,1.3,1.3,7.0,3,3
88,7.1,7.064183673469388,8.0,6,7
89,2.15,3.5698529411764706,5.0,4,5
90,8.9,3.5698529411764706,14.0,6,6
91,2.85,4.080263157894737,8.0,5,6
92,5.0,2.584,20.0,6,6
93,12.45,9.743124363636364,20.0,6,6
94,5.5,4.242857142857143,8.0,6,5
95,1.15,2.511978787878788,5.1,2,2
96,28.0,36.195757575757575,24.0,5,6
97,9.75,36.195757575757575,9.0,2,3
98,35.0,52.91935483870968,26.0,6,6
99,15.5,15.18939393939394,17.8,4,4
100,90.0,84.7,42.0,6,7
101,3.5,7.064183673469388,4.0,4,4
102,2.82,2.82,4.4,2,2
103,10.75,9.743124363636364,20.0,5,6
104,17.5,18.38326530612245,20.0,6,7
105,13.25,36.195757575757575,11.7,3,4
106,8.1,36.195757575757575,9.0,2,3
107,0.8,9.743124363636364,3.6,2,2
108,1.3,9.743124363636364,6.2,3,3
109,6.5,3.5698529411764706,20.0,6,6
110,81.0,52.91935483870968,72.0,4,6
111,45.0,36.195757575757575,17.8,6,5
112,33.0,55.45526315789474,32.0,4,5
113,4.2,3.216666666666667,10.0,6,6
114,2.65,3.216666666666667,5.0,4,5
115,7.5,9.458333333333334,8.9,2,3
116,16.5,14.354166666666666,14.0,6,6
117,24.0,14.354166666666666,24.0,8,6
118,11.5,9.743124363636364,20.0,5,6
119,14.75,9.743124363636364,20.0,6,7
120,4.1,7.064183673469388,4.0,4,4
121,5.6,7.064183673469388,7.0,4,4
122,3.2,3.583207547169811,7.0,5,5
123,11.9,14.354166666666666,13.2,7,7
124,1.47,1.18,8.0,3,3
125,10.5,9.743124363636364,20.0,6,6
126,3.1,4.157913669064748,5.6,3,3
127,3.5,9.743124363636364,11.0,4,3
128,3.3,4.157913669064748,8.0,5,6
129,3.25,4.157913669064748,8.0,6,6
130,4.35,2.9976595744680847,10.0,5,7
131,2.8,4.195,5.0,4,4
132,2.85,4.080263157894737,7.0,5,6
133,3.5,3.286363636363636,7.0,5,5
134,3.7,3.286363636363636,10.0,5,6
135,1.5,9.743124363636364,6.0,3,3
136,3.5,7.064183673469388,4.0,4,4
137,2.6,4.157913669064748,5.0,3,3
138,2.35,4.157913669064748,5.0,3,3
139,2.8,2.511978787878788,5.0,4,6
140,7.5,2.9976595744680847,20.0,6,7
141,5.75,10.208433734939758,5.0,4,4
142,11.9,9.743124363636364,20.0,5,6
143,4.8,4.157913669064748,10.0,5,6
144,14.5,9.743124363636364,20.0,5,5
145,4.09,3.5072727272727273,7.0,5,5
146,8.0,6.419117647058823,10.0,6,6
147,1.0,3.5698529411764706,4.7,2,2
148,6.0,8.066666666666666,7.0,5,5
149,11.9,9.743124363636364,20.0,6,7
150,13.9,9.743124363636364,20.0,6,7
151,10.5,9.743124363636364,20.0,6,6
152,10.5,3.5749999999999997,34.0,5,7
153,5.75,4.642857142857143,5.0,5,6
154,8.25,6.596428571428572,20.0,6,6
155,3.2,9.743124363636364,9.8,3,4
156,6.75,7.064183673469388,7.0,5,5
157,8.5,7.064183673469388,10.0,6,6
158,3.3,3.583207547169811,7.0,6,6
159,7.25,4.080263157894737,20.0,8,6
160,7.25,4.080263157894737,20.0,6,6
161,7.25,4.080263157894737,20.0,6,6
162,2.35,15.967727272727274,7.3,3,3
163,7.25,3.583207547169811,12.0,6,6
164,7.5,9.743124363636364,10.0,5,5
165,12.0,10.208433734939758,10.0,6,7
166,2.5,2.866153846153846,5.0,5,5
167,5.75,10.208433734939758,5.0,5,6
168,35.0,15.967727272727274,100.0,9,7
169,26.5,10.208433734939758,20.0,7,7
170,1.3,1.3,5.0,3,4
171,9.95,9.743124363636364,20.0,7,6
172,0.65,4.080263157894737,3.6,3,2
173,4.15,10.208433734939758,4.0,4,4
174,9.75,10.208433734939758,7.0,5,5
175,3.6,8.486666666666666,4.0,5,5
176,7.5,9.743124363636364,10.0,5,5
177,3.3,3.5698529411764706,8.0,4,5
178,7.5,3.5698529411764706,20.0,7,6
179,4.25,9.743124363636364,11.8,3,4
180,2.9,4.080263157894737,8.0,6,6
181,3.6,3.286363636363636,7.0,5,6
182,5.3,2.9976595744680847,10.0,5,6
183,0.75,2.9976595744680847,2.2,1,1
184,1.29,2.9976595744680847,5.5,2,2
185,4.45,2.9976595744680847,10.0,5,6
186,4.49,2.9976595744680847,10.0,4,4
187,4.8,2.9976595744680847,10.0,5,5
188,5.2,10.208433734939758,4.4,3,4
189,9.75,10.208433734939758,8.0,7,7
190,3.75,4.195,5.0,6,7
191,12.4,9.743124363636364,20.0,5,6
192,2.6,4.080263157894737,9.3,2,3
193,4.7,8.486666666666666,4.0,4,5
194,13.0,10.208433734939758,10.0,5,6
195,8.5,6.596428571428572,20.0,6,6
196,23.5,55.45526315789474,22.0,5,5
197,45.0,55.45526315789474,42.0,6,6
198,3.3,3.5749999999999997,12.0,4,6
199,3.0,2.866153846153846,5.0,5,5
200,1.2,3.5749999999999997,5.0,2,3
201,2.5,2.4908333333333332,7.1,4,4
202,4.75,9.743124363636364,20.0,3,4
203,1.85,2.511978787878788,5.0,3,4
204,5.25,7.064183673469388,8.0,5,5
205,12.5,9.743124363636364,20.0,5,6
206,11.25,9.743124363636364,20.0,6,7
207,10.85,9.743124363636364,20.0,5,7
208,2.7,9.743124363636364,11.0,3,3
209,6.85,4.642857142857143,8.0,6,6
210,6.2,10.833333333333334,10.0,4,5
211,4.25,4.157913669064748,9.0,5,6
212,1.15,4.157913669064748,4.9,1,2
213,0.99,4.157913669064748,6.4,2,3
214,0.95,2.511978787878788,3.6,2,2
215,9.5,6.419117647058823,10.0,5,5
216,5.5,3.583207547169811,14.0,6,6
217,3.85,4.157913669064748,8.0,5,6
218,5.1,4.157913669064748,10.0,5,6
219,5.1,4.157913669064748,10.0,5,6
220,6.25,4.157913669064748,10.0,5,6
221,5.3,4.157913669064748,10.0,5,6
222,2.15,2.15,10.7,3,3
223,1.3,1.3,4.0,2,3
224,4.0,9.743124363636364,12.9,4,5
225,0.6,9.743124363636364,2.7,1,1
226,3.5,3.5698529411764706,8.0,4,5
227,15.75,18.38326530612245,20.0,8,6
228,14.5,18.38326530612245,20.0,6,6
229,45.0,84.7,40.0,6,7
230,65.0,10.833333333333334,160.0,7,6
231,0.9918,2.511978787878788,3.2,1,1
232,9.5,6.986666666666667,9.3,2,2
233,0.64,9.743124363636364,2.7,1,1
234,9.75,10.208433734939758,7.0,4,5
235,4.4,10.208433734939758,4.0,4,5
236,2.5,4.157913669064748,5.0,3,4
237,3.1,3.5749999999999997,20.0,4,5
238,3.9,4.242857142857143,6.0,5,6
239,3.15,4.242857142857143,4.0,5,5
240,4.5,4.157913669064748,10.0,4,5
241,0.55,3.286363636363636,2.7,2,2
242,5.25,4.157913669064748,10.0,5,6
243,6.5,4.157913669064748,10.0,5,6
244,1.25,3.5749999999999997,5.0,2,3
245,5.1,4.157913669064748,10.0,5,6
246,1.2,0.975,4.0,6,6
247,3.25,4.157913669064748,8.0,4,5
248,1.37,4.157913669064748,7.6,3,3
249,2.6,4.157913669064748,5.0,3,4
250,2.8,4.157913669064748,5.0,3,4
251,4.0,4.157913669064748,9.0,5,6
252,9.4,7.064183673469388,10.0,6,7
253,5.1,9.743124363636364,12.0,5,6
254,1.15,4.157913669064748,4.9,1,2
255,3.35,3.5749999999999997,8.0,5,5
256,4.15,9.743124363636364,14.2,4,5
257,11.9,9.743124363636364,20.0,6,6
258,3.7,2.511978787878788,8.0,4,6
259,2.8,2.511978787878788,5.0,5,4
260,0.47,0.47,2.0,2,2
261,70.0,36.195757575757575,80.0,7,7
262,0.5,61.9,2.4,1,1
263,1.6,4.157913669064748,4.8,1,1
264,8.25,6.596428571428572,20.0,8,7
265,1.2,2.5246153846153847,5.1,2,2
266,1.2,2.9976595744680847,5.6,2,2
267,7.0,2.9976595744680847,20.0,8,7
268,6.5,2.9976595744680847,20.0,7,7
269,4.35,2.9976595744680847,10.0,6,7
270,4.4,2.9976595744680847,10.0,6,7
271,5.5,6.45,10.0,5,5
272,2.5,4.157913669064748,5.0,3,4
273,2.95,2.5246153846153847,8.0,7,6
274,4.25,9.743124363636364,11.6,3,4
275,0.7,2.511978787878788,2.4,2,2
276,5.25,9.743124363636364,10.0,5,6
277,4.0,3.543,8.0,6,6
278,0.695,1.18,5.0,2,2
279,2.2,2.511978787878788,5.0,5,5
280,2.5,3.5698529411764706,5.0,3,4
281,4.15,15.18939393939394,14.4,3,3
282,10.0,4.157913669064748,20.0,7,6
283,1.5,4.157913669064748,5.6,2,3
284,1.38,4.642857142857143,3.1,2,2
285,6.75,10.208433734939758,4.0,3,3
286,4.15,2.9976595744680847,10.0,5,7
287,4.5,2.9976595744680847,20.0,7,7
288,1.75,1.75,5.0,5,6
289,1.75,1.75,5.0,4,6
290,4.5,4.642857142857143,5.0,3,3
291,5.0,4.157913669064748,11.0,5,5
292,9.95,9.743124363636364,20.0,6,6
293,3.1,4.157913669064748,5.0,3,4
294,1.05,4.157913669064748,4.9,1,2
295,6.4,3.5749999999999997,30.0,4,5
296,4.0,3.5749999999999997,10.0,5,5
297,6.5,3.5749999999999997,18.0,4,5
298,3.45,7.064183673469388,4.4,4,5
299,15.5,7.064183673469388,20.0,7,6
300,80.0,84.7,50.0,3,3
301,6.5,9.743124363636364,10.0,5,6
302,3.95,3.286363636363636,7.0,4,5
303,2.6,3.5698529411764706,5.0,3,4
304,9.5,9.743124363636364,20.0,6,6
305,3.5,4.441666666666666,10.0,5,6
306,0.65,2.866153846153846,2.0,1,1
307,7.25,36.195757575757575,6.7,1,2
308,3.25,4.441666666666666,12.0,3,4
309,22.75,55.45526315789474,22.0,5,5
310,13.5,9.743124363636364,20.0,5,5
311,13.5,9.743124363636364,20.0,5,5
312,14.75,9.743124363636364,20.0,5,5
313,14.75,9.743124363636364,20.0,5,5
314,14.75,9.743124363636364,20.0,5,5
315,14.5,9.743124363636364,20.0,5,5
316,14.5,9.743124363636364,20.0,5,6
317,4.3,4.157913669064748,10.0,5,6
318,8.75,4.642857142857143,8.0,5,6
319,7.8,3.5698529411764706,14.0,10,6
320,0.65,0.65,2.0,1,1
321,3.95,2.511978787878788,8.0,6,6
322,8.9,6.419117647058823,10.0,6,6
323,7.25,2.4908333333333332,20.0,5,7
324,6.45,3.5749999999999997,24.0,6,7
325,2.3,2.511978787878788,5.0,5,6
326,3.2,2.4908333333333332,6.0,5,7
327,11.9,9.743124363636364,20.0,5,6
328,4.5,15.18939393939394,10.7,3,3
329,4.3,4.080263157894737,10.0,6,6
330,4.85,4.157913669064748,10.0,5,6
331,3.75,7.064183673469388,4.4,4,6
332,5.25,3.5698529411764706,0.0,6,6
333,7.85,9.743124363636364,10.0,5,6
334,10.5,9.743124363636364,20.0,6,6
335,11.75,9.743124363636364,20.0,6,6
336,8.0,9.743124363636364,10.0,5,7
337,12.5,9.743124363636364,20.0,5,6
338,11.9,9.743124363636364,20.0,5,6
339,10.5,9.743124363636364,20.0,6,6
340,3.6,4.157913669064748,8.0,5,6
341,45.0,52.91935483870968,40.0,6,6
342,37.0,18.38326530612245,44.0,8,6
343,1.9,3.5698529411764706,5.0,3,3
344,14.0,6.419117647058823,20.0,8,6
345,3.8,3.5749999999999997,11.0,2,3
346,18.0,10.208433734939758,20.0,6,7
347,8.3,18.38326530612245,8.7,3,3
348,6.2,9.743124363636364,12.0,5,6
349,8.4,18.38326530612245,8.7,3,3
350,3.3,4.642857142857143,6.4,2,2
351,10.75,11.531578947368422,14.0,5,5
352,4.15,4.157913669064748,10.0,6,6
353,13.9,9.743124363636364,20.0,5,5
354,11.9,9.743124363636364,20.0,6,7
355,12.0,9.743124363636364,20.0,6,7
356,12.0,9.743124363636364,20.0,6,7
357,14.0,9.743124363636364,20.0,5,6
358,11.5,9.743124363636364,20.0,6,7
359,11.5,9.743124363636364,20.0,6,7
360,13.5,9.743124363636364,20.0,5,6
361,26.0,52.91935483870968,26.0,5,5
362,48.0,52.91935483870968,26.0,6,6
363,120.0,55.45526315789474,80.0,5,6
364,3.75,2.5811111111111114,8.0,5,7
365,2.46,2.6766666666666667,3.0,1,1
366,12.5,9.743124363636364,20.0,5,6
367,12.5,9.743124363636364,20.0,5,6
368,3.0,4.157913669064748,5.0,3,4
369,2.5,4.157913669064748,5.0,3,4
370,3.05,3.543,6.0,4,5
371,2.35,4.157913669064748,5.0,3,4
372,3.89,2.6766666666666667,5.8,2,2
373,2.45,4.157913669064748,5.0,3,5
374,3.19,2.866153846153846,11.0,4,5
375,3.43,3.583207547169811,7.8,2,3
376,3.5,3.5698529411764706,8.0,4,6
377,13.5,9.743124363636364,20.0,5,6
378,12.5,9.743124363636364,20.0,6,6
379,14.5,9.743124363636364,20.0,8,6
380,9.95,4.157913669064748,20.0,5,6
381,9.0,4.157913669064748,20.0,5,6
382,12.0,4.157913669064748,20.0,5,6
383,65.0,36.195757575757575,80.0,8,6
384,22.5,36.195757575757575,20.0,5,5
385,26.0,36.195757575757575,26.0,6,6
386,18.0,18.38326530612245,20.0,5,5
387,3.05,2.5246153846153847,8.0,6,6
388,0.65,4.157913669064748,2.9,1,1
389,3.9,4.157913669064748,10.0,5,6
390,16.5,9.743124363636364,30.0,6,6
391,3.3,4.080263157894737,7.0,5,5
392,32.0,52.91935483870968,22.0,8,7
393,4.15,10.208433734939758,4.0,3,3
394,0.65,6.419117647058823,3.3,1,1
395,9.0,9.743124363636364,20.0,6,6
396,1.45,1.625,5.0,4,4
397,3.5,3.583207547169811,7.0,5,6
398,5.25,9.743124363636364,10.0,5,7
399,10.0,9.743124363636364,20.0,5,6
400,13.0,9.743124363636364,20.0,6,6
401,25.0,9.743124363636364,30.0,7,6
402,3.2,4.157913669064748,8.0,5,6
403,3.65,4.157913669064748,8.0,5,6
404,40.0,4.157913669064748,40.0,6,6
405,4.1,4.157913669064748,10.0,5,6
406,30.0,18.38326530612245,40.0,7,6
407,2.65,2.5766666666666667,8.0,6,6
408,0.8088,2.511978787878788,2.9,2,2
409,5.35,4.157913669064748,10.0,5,5
410,5.0,3.5749999999999997,26.0,4,5
411,4.0,3.5749999999999997,10.0,5,5
412,3.65,3.5749999999999997,7.0,4,6
413,5.8,4.642857142857143,8.0,2,3
414,4.55,3.543,9.3,8,7
415,4.8,10.208433734939758,4.0,3,3
416,8.75,10.208433734939758,8.0,5,5
417,5.2,4.157913669064748,10.0,5,6
418,5.35,4.157913669064748,10.0,5,6
419,5.7,4.157913669064748,10.0,5,6
420,13.0,8.066666666666666,14.9,9,6
421,2.5,3.583207547169811,8.0,3,3
422,95.0,52.91935483870968,80.0,11,7
423,13.95,9.743124363636364,20.0,5,6
424,13.95,9.743124363636364,20.0,5,6
425,12.0,9.743124363636364,20.0,6,7
426,1.7,15.967727272727274,6.2,2,3
427,1.73,9.743124363636364,5.4,2,2
428,1.4,15.967727272727274,4.0,2,3
429,2.7,3.5698529411764706,8.0,6,6
430,4.65,9.743124363636364,6.0,4,5
431,11.65,9.743124363636364,20.0,6,6
432,1.2,0.6545454545454545,6.4,3,3
433,12.8,9.743124363636364,20.0,6,5
434,3.6,3.543,8.0,6,7
435,6.1,4.080263157894737,20.0,10,6
436,5.1,7.064183673469388,7.0,4,4
437,10.25,10.208433734939758,8.0,6,7
438,2.6,2.5811111111111114,5.0,4,4
439,4.1,10.208433734939758,4.0,3,3
440,3.02,2.511978787878788,8.4,2,2
441,35.0,18.38326530612245,32.0,6,7
442,48.0,52.91935483870968,26.0,6,7
443,3.45,3.583207547169811,7.0,5,6
444,1.25,9.743124363636364,3.2,2,2
445,2.65,4.080263157894737,5.0,5,5
446,3.55,4.157913669064748,8.0,5,6
447,3.6,4.157913669064748,8.0,5,6
448,0.62,0.62,3.0,2,2
449,2.3,4.157913669064748,5.0,3,5
450,3.25,4.157913669064748,8.0,5,6
451,3.3,4.157913669064748,8.0,5,6
452,3.2,4.157913669064748,8.0,5,6
453,3.6,4.157913669064748,8.0,5,6
454,5.65,10.208433734939758,5.0,3,4
455,13.5,9.743124363636364,20.0,5,6
456,12.75,9.743124363636364,20.0,5,6
457,3.7,4.157913669064748,8.0,5,5
458,4.35,4.157913669064748,10.0,5,5
459,70.0,36.195757575757575,80.0,5,6
460,8.75,6.596428571428572,20.0,6,6
461,3.3,2.5246153846153847,7.0,6,6
462,4.0,3.5072727272727273,7.0,5,7
463,4.0,2.9976595744680847,10.0,6,6
464,9.5,10.208433734939758,8.0,5,5
465,12.2,9.743124363636364,20.0,5,6
466,17.0,6.419117647058823,20.0,7,7
467,1.8,15.967727272727274,6.0,2,2
468,110.0,61.9,800.0,4,5
469,85.0,84.7,42.0,10,7
470,3.25,4.080263157894737,12.0,3,4
471,3.9,4.157913669064748,8.0,5,6
472,0.6,2.308888888888889,2.7,2,2
473,5.15,4.157913669064748,10.0,5,6
474,5.6,4.157913669064748,10.0,5,6
475,4.5,4.157913669064748,8.0,4,5
476,2.38,4.157913669064748,5.0,3,4
477,2.42,4.157913669064748,5.0,3,3
478,3.5,4.157913669064748,8.0,5,6
479,2.35,4.157913669064748,5.0,3,5
480,11.95,9.743124363636364,20.0,5,6
481,2.15,3.5749999999999997,7.0,5,6
482,3.1,4.157913669064748,5.0,3,4
483,7.2,6.986666666666667,6.5,2,2
484,0.45,1.9485714285714286,2.0,2,2
485,6.7,9.743124363636364,10.0,5,5
486,4.2,3.5072727272727273,7.0,5,7
487,0.61,2.4908333333333332,4.8,2,2
488,2.35,2.4908333333333332,7.0,4,6
489,11.49,9.743124363636364,20.0,5,7
490,11.0,4.157913669064748,20.0,6,7
491,0.72,1.18,5.0,2,2
492,1.35,1.18,8.0,3,3
493,3.7,4.157913669064748,8.0,5,6
494,3.45,4.157913669064748,8.0,5,6
495,3.95,4.157913669064748,8.0,5,6
496,3.4,4.157913669064748,8.0,5,6
497,8.75,7.064183673469388,10.9,7,7
498,0.58,2.308888888888889,3.0,2,2
499,0.9,1.25,5.0,4,4
500,1.6,1.25,10.0,8,6
501,13.25,9.458333333333334,11.8,3,4
502,5.4,6.986666666666667,7.3,3,3
503,2.6,4.157913669064748,5.0,3,4
504,12.7,9.743124363636364,20.0,5,6
505,12.5,9.743124363636364,20.0,5,6
506,4.1,2.4908333333333332,10.0,5,6
507,1.25,1.9485714285714286,8.5,2,2
508,5.95,7.064183673469388,7.0,5,6
509,11.0,7.064183673469388,14.0,6,6
510,1.65,2.308888888888889,4.8,2,2
511,12.7,9.743124363636364,20.0,5,7
512,13.5,9.743124363636364,20.0,5,6
513,37.0,52.91935483870968,26.0,4,5
514,7.0,4.080263157894737,20.0,7,6
515,38.0,52.91935483870968,26.0,5,6
516,2.12,4.642857142857143,3.1,2,2
517,3.1,2.308888888888889,16.7,4,4
518,2.8,3.5698529411764706,5.0,5,5
519,1.33,1.18,8.0,3,4
520,1.45,1.18,8.0,3,3
521,12.0,14.354166666666666,14.2,6,6
522,3.23,3.583207547169811,7.2,2,2
523,10.9,9.743124363636364,20.0,5,5
524,6.3,4.157913669064748,12.0,5,6
525,10.5,9.743124363636364,20.0,5,6
526,14.5,10.208433734939758,14.0,6,6
527,11.9,9.743124363636364,20.0,6,6
528,4.5,9.743124363636364,8.0,5,5
529,10.0,9.743124363636364,20.0,6,7
530,0.8,4.080263157894737,5.4,4,3
531,35.0,15.967727272727274,100.0,9,7
532,3.35,9.743124363636364,10.0,3,3
533,3.0,9.743124363636364,10.0,3,3
534,1.75,6.419117647058823,5.2,2,2
535,1.05,1.25,4.2,2,2
536,2.4,4.157913669064748,5.0,3,4
537,2.12,4.642857142857143,3.1,2,2
538,6.8,7.064183673469388,7.0,4,4
539,3.95,7.064183673469388,4.0,4,4
540,8.9,7.064183673469388,10.0,6,7
541,6.0,5.2,12.4,6,6
542,9.75,9.743124363636364,20.0,6,6
543,15.0,9.743124363636364,20.0,5,6
544,0.66,1.18,5.0,2,2
545,7.5,6.986666666666667,6.8,2,2
546,10.5,9.743124363636364,20.0,5,6
547,11.25,9.743124363636364,20.0,5,6
548,13.9,9.743124363636364,20.0,5,6
549,7.5,9.743124363636364,12.0,5,6
550,1.05,0.6545454545454545,6.6,4,4
551,6.5,6.986666666666667,6.7,2,2
552,7.5,9.458333333333334,8.9,2,2
553,8.8,9.743124363636364,20.0,6,6
554,4.0,2.5766666666666667,10.0,7,7
555,15.0,11.531578947368422,12.0,8,6
556,11.5,9.743124363636364,20.0,5,6
557,4.25,4.441666666666666,10.0,5,6
558,2.4,3.583207547169811,8.0,2,3
559,10.25,10.208433734939758,8.0,7,6
560,11.5,10.208433734939758,10.0,6,6
561,2.5,3.583207547169811,5.0,4,5
562,7.9,9.743124363636364,24.0,6,6
563,39.0,9.743124363636364,40.0,6,6
564,7.5,9.743124363636364,30.0,6,6
565,3.3,9.743124363636364,12.4,3,3
566,12.5,9.743124363636364,20.0,6,6
567,21.9,9.743124363636364,36.0,8,6
568,3.3,15.18939393939394,5.6,2,2
569,4.15,4.441666666666666,10.0,5,6
570,2.5,4.642857142857143,4.9,3,3
571,4.5,8.066666666666666,6.0,5,5
572,14.5,9.743124363636364,20.0,7,7
573,11.5,9.743124363636364,20.0,6,7
574,7.45,9.743124363636364,12.0,5,6
575,0.88,0.6545454545454545,6.6,3,3
576,1.11,9.743124363636364,5.3,2,2
577,27.0,52.91935483870968,26.0,5,5
578,11.7,9.743124363636364,20.0,7,7
579,2.15,3.5749999999999997,6.0,5,6
580,17.0,17.0,20.0,5,6
581,0.42,6.419117647058823,1.7,1,1
582,4.8,3.641666666666667,6.0,5,5
583,16.5,10.208433734939758,14.0,6,6
584,14.5,10.208433734939758,14.0,7,6
585,0.35,3.5698529411764706,1.8,1,1
586,2.4,3.5698529411764706,5.0,4,4
587,2.45,2.511978787878788,5.0,4,4
588,0.55,2.511978787878788,3.5,2,2
589,12.0,9.743124363636364,20.0,6,7
590,3.2,15.967727272727274,7.2,2,2
591,9.0,7.064183673469388,10.0,6,6
592,8.75,7.064183673469388,10.9,6,6
593,55.0,52.91935483870968,46.0,5,6
594,75.0,55.45526315789474,64.0,4,5
595,6.05,10.833333333333334,7.2,2,2
596,45.0,52.91935483870968,40.0,5,6
597,19.9,55.45526315789474,16.0,5,6
598,34.5,55.45526315789474,26.0,5,6
599,4.25,10.208433734939758,4.0,4,4
600,11.8,9.743124363636364,20.0,6,6
601,2.85,9.743124363636364,10.0,3,3
602,1.51,2.6766666666666667,2.4,1,1
603,110.0,61.9,440.0,7,7
604,12.0,10.208433734939758,10.0,6,6
605,4.5,10.208433734939758,4.4,4,4
606,0.52,3.5698529411764706,3.4,2,2
607,2.6,2.511978787878788,5.0,4,4
608,3.6,3.5698529411764706,8.0,4,6
609,0.7,3.5698529411764706,3.7,2,2
610,3.28,2.5246153846153847,10.0,3,3
611,6.78,6.986666666666667,5.7,2,2
612,18.0,10.208433734939758,20.0,9,6
613,5.5,9.666666666666666,4.4,1,1
614,15.5,10.208433734939758,14.0,5,5
615,9.75,10.208433734939758,8.0,7,6
616,13.5,10.208433734939758,10.0,5,5
617,7.75,7.75,100.0,6,6
618,75.0,84.7,32.0,6,7
619,18.0,18.38326530612245,24.0,7,6
620,90.0,52.91935483870968,80.0,6,6
621,8.35,10.208433734939758,8.0,7,6
622,12.2,9.743124363636364,20.0,5,6
623,2.39,6.419117647058823,6.2,3,3
624,3.65,2.866153846153846,8.0,4,4
625,1.58,1.2494833333333333,4.4,2,2
626,5.25,3.286363636363636,14.0,7,7
627,5.35,10.208433734939758,5.0,4,4
628,6.75,9.743124363636364,10.0,5,5
629,8.3,3.5698529411764706,20.0,6,7
630,0.7,3.5698529411764706,3.6,2,2
631,2.5,3.583207547169811,7.0,3,4
632,2.5,3.583207547169811,5.0,4,5
633,3.15,3.583207547169811,7.0,5,7
634,70.0,84.7,38.0,6,6
635,2.75,6.596428571428572,5.0,5,6
636,4.25,4.441666666666666,10.0,6,7
637,3.7,4.080263157894737,10.0,6,6
638,3.1,7.064183673469388,4.0,4,4
639,4.5,4.080263157894737,9.0,7,6
640,3.7,2.5811111111111114,8.0,5,6
641,3.7,2.5811111111111114,8.0,5,6
642,16.5,4.642857142857143,20.0,6,6
643,2.1,3.5698529411764706,5.0,4,6
644,3.5,3.5698529411764706,8.0,4,6
645,4.3,3.5698529411764706,8.0,4,6
646,4.6,2.9976595744680847,10.0,5,6
647,4.15,7.064183673469388,4.0,4,4
648,3.4,7.064183673469388,4.4,4,5
649,4.3,2.511978787878788,8.0,5,6
650,12.5,9.743124363636364,20.0,5,6
651,3.4,3.5698529411764706,8.0,6,6
652,3.4,3.583207547169811,8.0,7,7
653,4.5,3.583207547169811,10.0,3,3
654,3.4,3.583207547169811,7.0,5,6
655,4.0,2.511978787878788,5.0,6,6
656,3.15,2.511978787878788,5.0,5,5
657,1.1,2.5811111111111114,5.8,2,2
658,7.25,4.080263157894737,20.0,7,6
659,6.75,4.080263157894737,17.0,7,6
660,2.95,2.511978787878788,5.0,4,4
661,2.7,2.511978787878788,5.0,4,4
662,9.8,3.5698529411764706,20.0,5,7
663,0.64,2.511978787878788,4.0,2,2
664,20.0,8.486666666666666,26.0,7,6
665,5.4,4.157913669064748,10.0,5,5
666,2.9,4.157913669064748,5.0,3,4
667,12.5,8.066666666666666,12.0,8,6
668,4.65,10.208433734939758,4.0,3,5
669,4.75,10.208433734939758,4.0,3,4
670,70.0,52.91935483870968,50.0,5,5
671,1.6,2.511978787878788,4.5,1,1
672,0.3969,1.2494833333333333,1.8,1,1
673,1.45,1.2494833333333333,5.4,2,2
674,60.0,15.967727272727274,200.0,11,7
675,15.0,9.743124363636364,30.0,8,6
676,4.0,2.511978787878788,5.0,6,6
677,4.0,2.511978787878788,5.0,6,6
678,0.4,4.080263157894737,2.4,1,1
679,18.0,10.208433734939758,20.0,5,5
680,2.6,2.5246153846153847,5.6,4,6
681,1.05,15.967727272727274,3.3,1,1
682,4.0,4.157913669064748,10.0,5,6
683,4.7,8.486666666666666,4.0,4,5
684,2.3,3.5698529411764706,5.0,4,5
685,2.3,3.5698529411764706,5.0,3,4
686,2.35,3.5698529411764706,5.0,5,5
687,2.0,3.5698529411764706,5.0,3,4
688,2.5,3.5698529411764706,5.0,4,5
689,8.75,10.208433734939758,8.0,4,6
690,6.25,10.833333333333334,16.0,4,5
691,4.5,11.531578947368422,6.0,4,5
692,4.15,2.9976595744680847,10.0,5,6
693,1.35,2.5246153846153847,5.0,2,3
694,19.5,10.208433734939758,20.0,6,7
695,2.9,3.543,5.0,4,4
696,85.0,61.9,400.0,5,4
697,0.56,2.511978787878788,2.0,1,1
698,10.0,9.743124363636364,20.0,6,6
699,10.9,9.743124363636364,20.0,10,6
700,5.85,7.064183673469388,8.0,5,6
701,1.4,1.4,5.0,2,3
702,3.4,3.583207547169811,7.0,4,7
703,2.4,3.583207547169811,7.0,2,3
704,3.75,3.583207547169811,7.0,7,6
705,3.96,2.511978787878788,8.0,6,6
706,6.25,15.18939393939394,9.3,3,3
707,6.3,9.743124363636364,12.0,5,6
708,4.1,7.064183673469388,4.0,4,4
709,1.3,15.967727272727274,4.7,2,2
710,8.0,15.18939393939394,15.6,4,4
711,2.4,4.157913669064748,5.0,5,6
712,2.8,4.157913669064748,5.0,3,5
713,3.65,4.242857142857143,5.0,5,5
714,9.0,6.419117647058823,16.0,7,6
715,9.5,11.531578947368422,14.2,6,6
716,11.5,9.743124363636364,20.0,5,6
717,9.4,3.5698529411764706,20.0,6,6
718,4.3,2.511978787878788,8.0,6,6
719,2.02,6.84,6.6,2,2
720,0.78,9.743124363636364,3.6,2,2
721,1.55,9.743124363636364,7.3,3,3
722,9.5,18.38326530612245,13.3,3,4
723,2.1,3.5698529411764706,5.0,4,4
724,6.0,3.583207547169811,12.0,6,7
725,5.8,4.242857142857143,8.0,8,6
726,7.25,3.583207547169811,12.0,7,7
727,10.0,9.743124363636364,20.0,6,6
728,6.85,4.642857142857143,8.0,5,5
729,23.0,55.45526315789474,17.8,5,5
730,8.35,18.38326530612245,8.7,3,4
731,2.75,4.157913669064748,5.0,3,6
732,13.7,9.743124363636364,20.0,5,6
733,11.9,9.743124363636364,20.0,5,6
734,6.75,9.743124363636364,10.0,5,6
735,13.0,9.743124363636364,20.0,5,6
736,45.0,36.195757575757575,17.8,6,6
737,5.0,2.5766666666666667,20.0,6,6
738,0.8761,0.8761,4.2,1,1
739,11.5,10.208433734939758,10.0,5,6
740,3.45,2.5246153846153847,3.1,1,1
741,4.3,4.642857142857143,7.2,2,2
742,5.45,4.642857142857143,9.1,3,3
743,5.3,4.642857142857143,8.7,3,3
744,4.4,4.642857142857143,7.2,2,2
745,4.3,4.642857142857143,7.2,2,2
746,3.5,4.642857142857143,5.6,2,2
747,13.5,9.743124363636364,20.0,6,6
748,3.15,15.18939393939394,5.8,2,2
749,16.0,15.18939393939394,20.0,6,6
750,22.0,15.18939393939394,26.0,6,6
751,1.8,2.308888888888889,5.5,2,2
752,1.6,3.583207547169811,5.0,2,2
753,4.3,8.066666666666666,3.5,4,5
754,17.0,11.531578947368422,14.7,9,7
755,55.0,52.91935483870968,22.0,6,6
756,16.5,11.531578947368422,16.0,7,6
757,6.75,11.531578947368422,6.7,5,5
758,14.5,11.531578947368422,14.0,9,6
759,15.0,15.18939393939394,26.0,5,5
760,6.25,4.157913669064748,10.0,5,6
761,3.5,3.5698529411764706,8.0,4,4
762,10.5,10.208433734939758,8.0,7,6
763,12.2,9.743124363636364,20.0,6,6
764,3.95,10.208433734939758,5.6,4,4
765,0.77,2.5733333333333337,2.1,1,1
766,3.0,5.2,8.0,5,6
767,2.8,3.216666666666667,12.0,3,4
768,3.15,3.583207547169811,8.0,5,6
769,13.9,9.743124363636364,20.0,5,6
770,3.75,3.5698529411764706,8.0,5,5
771,9.25,9.743124363636364,20.0,6,6
772,10.9,9.743124363636364,20.0,6,6
773,22.0,9.743124363636364,40.0,5,6
774,13.5,9.743124363636364,20.0,6,6
775,12.5,9.743124363636364,20.0,5,6
776,75.0,36.195757575757575,72.0,7,7
777,0.47,2.584,2.9,2,2
778,4.0,6.419117647058823,7.2,3,3
779,2.7,4.157913669064748,5.0,4,5
780,10.9,9.743124363636364,20.0,5,6
781,14.9,9.743124363636364,20.0,5,6
782,7.5,3.583207547169811,20.0,7,6
783,12.8,9.743124363636364,20.0,5,6
784,4.65,10.208433734939758,4.0,3,4
785,7.5,9.458333333333334,8.9,2,2
786,2.9,2.9,10.0,5,6
787,6.5,6.986666666666667,7.1,3,2
788,6.5,3.5698529411764706,14.0,6,7
789,2.0,8.066666666666666,4.2,1,1
790,13.75,9.743124363636364,20.0,5,6
791,24.0,24.0,20.0,6,6
792,5.35,5.35,20.0,4,4
793,4.0,3.543,7.0,4,4
794,3.5,3.5698529411764706,10.0,6,6
795,14.9,9.743124363636364,20.0,5,6
796,1.3,6.419117647058823,4.0,2,2
797,2.5,6.419117647058823,6.2,2,2
798,3.95,7.064183673469388,4.0,4,5
799,14.0,18.38326530612245,12.4,4,4
800,13.25,18.38326530612245,12.4,4,5
801,13.9,9.743124363636364,20.0,5,6
802,11.9,9.743124363636364,20.0,6,6
803,1.73,2.6766666666666667,5.1,2,2
804,2.2,4.157913669064748,5.0,3,5
805,5.5,4.157913669064748,10.0,5,6
806,2.4,4.157913669064748,5.0,3,5
807,2.6,4.157913669064748,5.0,4,5
808,2.32,2.5246153846153847,5.0,5,6
809,1.82,2.5246153846153847,5.0,4,5
810,20.0,8.486666666666666,26.0,8,7
811,5.9,4.157913669064748,10.0,5,6
812,6.9,6.596428571428572,14.0,8,6
813,1.4,2.58,8.0,2,3
814,3.5,2.58,10.0,6,6
815,4.3,7.064183673469388,4.0,5,5
816,16.0,9.666666666666666,14.8,3,4
817,10.0,9.743124363636364,20.0,5,6
818,0.52,2.9976595744680847,2.3,1,1
819,23.0,15.875,19.3,4,6
820,8.5,10.208433734939758,10.0,4,5
821,6.5,6.419117647058823,10.0,5,5
822,50.0,52.91935483870968,40.0,6,6
823,4.25,3.5072727272727273,7.0,5,5
824,6.8,7.064183673469388,7.0,5,7
825,7.0,7.064183673469388,7.0,5,6
826,2.9,6.419117647058823,9.8,3,3
827,13.5,9.743124363636364,20.0,8,6
828,1.45,1.25,6.2,3,3
829,1.45,9.743124363636364,5.1,3,3
830,2.1,9.743124363636364,9.1,3,3
831,3.05,2.5246153846153847,8.0,5,6
832,5.7,18.38326530612245,3.8,1,1
833,3.5,2.511978787878788,10.0,5,4
834,21.0,15.18939393939394,26.0,6,6
835,15.1,15.18939393939394,18.0,4,4
836,42.0,36.195757575757575,40.0,6,6
837,1.85,4.642857142857143,3.1,2,2
838,5.65,6.419117647058823,6.0,5,6
839,13.8,8.066666666666666,22.0,4,4
840,7.4,6.419117647058823,8.0,5,5
841,1.15,9.743124363636364,2.7,1,1
842,1.6,4.642857142857143,1.6,1,1
843,4.25,4.157913669064748,10.0,5,6
844,4.4,4.157913669064748,10.0,5,6
845,5.15,4.157913669064748,10.0,5,6
846,1.2,9.743124363636364,2.7,1,1
847,4.0,18.38326530612245,6.2,2,2
848,4.4,4.157913669064748,10.0,5,6
849,16.5,10.208433734939758,20.0,9,6
850,4.8,10.208433734939758,4.0,3,4
851,5.1,4.157913669064748,10.0,5,5
852,4.75,10.208433734939758,4.0,3,3
853,2.9,9.743124363636364,10.0,3,4
854,1.8,1.625,5.0,4,5
855,3.75,9.743124363636364,11.0,3,4
856,0.8,2.9976595744680847,3.5,2,2
857,1.25,4.642857142857143,3.1,2,2
858,0.85,2.866153846153846,4.0,2,2
859,4.7,2.866153846153846,10.0,6,6
860,3.85,2.866153846153846,8.0,6,6
861,2.6,10.833333333333334,4.4,1,2
862,4.75,4.157913669064748,10.0,5,6
863,1.2,9.743124363636364,2.2,1,1
864,1.2,9.743124363636364,2.2,1,1
865,5.0,4.157913669064748,10.0,4,6
866,0.95,0.95,16.0,2,2
867,3.35,3.583207547169811,7.0,4,5
868,1.65,2.511978787878788,4.4,1,1
869,2.74,2.511978787878788,7.4,2,2
870,5.3,10.208433734939758,5.0,4,4
871,5.15,7.064183673469388,8.0,6,7
872,3.29,7.064183673469388,4.0,5,5
873,2.65,3.5698529411764706,8.0,6,6
874,4.8,4.8,10.0,5,5
875,12.0,7.064183673469388,14.2,6,7
876,5.7,7.064183673469388,8.0,5,6
877,2.5,6.419117647058823,7.3,3,3
878,0.56,2.9976595744680847,2.4,1,1
879,1.45,4.157913669064748,5.6,2,2
880,2.7,4.157913669064748,5.0,3,4
881,3.7,2.866153846153846,8.0,5,6
882,1.57,2.866153846153846,5.4,2,2
883,3.85,3.641666666666667,6.0,5,5
884,3.6,3.641666666666667,4.0,4,4
885,3.5,3.641666666666667,4.0,5,4
886,8.4,7.064183673469388,10.0,6,6
887,7.45,11.531578947368422,6.7,5,6
888,1.79,1.9485714285714286,3.5,1,1
889,10.5,9.743124363636364,20.0,5,5
890,14.75,9.743124363636364,20.0,6,6
891,1.6,2.6766666666666667,5.0,4,5
892,11.75,9.743124363636364,20.0,5,6
893,3.9,4.157913669064748,10.0,5,6
894,15.9,7.064183673469388,20.0,6,6
895,1.18,4.642857142857143,3.1,2,2
896,4.6,4.157913669064748,10.0,5,6
897,3.1,4.157913669064748,5.0,3,3
898,1.9,4.080263157894737,10.0,3,4
899,3.65,7.064183673469388,4.0,4,4
900,5.6,7.064183673469388,8.0,6,6
901,130.0,55.45526315789474,96.0,11,7
902,2.47,4.157913669064748,5.0,3,4
903,1.9,10.833333333333334,4.3,1,1
904,3.6,3.641666666666667,4.0,5,4
905,2.8,3.5072727272727273,5.0,4,4
906,0.9,2.4908333333333332,6.7,3,3
907,4.0,2.1561538461538463,10.0,5,6
908,8.25,6.419117647058823,11.0,6,6
909,1.6,2.6766666666666667,5.0,4,5
910,11.75,9.743124363636364,20.0,5,6
911,13.75,9.743124363636364,20.0,5,6
912,12.0,9.743124363636364,20.0,6,6
913,6.25,2.308888888888889,14.0,7,6
914,0.39,0.39,4.0,2,1
915,1.25,2.2,5.2,3,2
916,11.5,9.743124363636364,20.0,6,7
917,12.5,9.743124363636364,20.0,5,7
918,3.6,2.511978787878788,8.0,5,6
919,1.8,2.9976595744680847,4.3,1,1
920,4.3,2.9976595744680847,10.0,6,6
921,23.0,36.195757575757575,20.0,4,5
922,27.25,36.195757575757575,26.0,5,5
923,2.3,1.9,7.0,6,6
924,4.55,2.9976595744680847,10.0,6,6
925,0.73,2.9976595744680847,2.7,1,1
926,4.0,10.833333333333334,9.8,3,3
927,3.2,7.064183673469388,4.0,4,4
928,4.25,4.642857142857143,7.4,2,2
929,6.0,18.38326530612245,7.8,3,3
930,0.65,3.5698529411764706,3.7,2,2
931,2.65,4.080263157894737,6.0,5,6
932,7.86,36.195757575757575,6.7,2,2
933,7.75,9.743124363636364,20.0,6,7
934,11.9,9.743124363636364,20.0,5,7
935,5.5,4.080263157894737,20.0,7,6
936,3.1,3.583207547169811,8.0,5,6
937,3.45,3.583207547169811,8.0,5,6
938,3.3,3.583207547169811,8.0,5,6
939,4.25,4.195,10.0,5,6
940,13.9,9.743124363636364,20.0,5,6
941,35.0,15.967727272727274,100.0,8,7
942,36.0,55.45526315789474,22.0,6,6
943,17.5,7.064183673469388,20.0,6,6
944,3.5,4.157913669064748,8.0,5,5
945,4.8,4.157913669064748,10.0,5,6
946,5.5,4.157913669064748,10.0,5,6
947,2.39,6.419117647058823,8.0,3,3
948,0.8,3.5072727272727273,3.4,1,1
949,2.9,4.642857142857143,6.5,2,2
950,2.2,10.833333333333334,4.4,1,1
951,3.3,10.833333333333334,7.3,2,2
952,1.45,6.419117647058823,4.4,2,2
953,27.5,36.195757575757575,20.0,7,7
954,15.0,10.208433734939758,14.2,7,7
955,1.3,1.345,2.6,1,1
956,3.4,3.583207547169811,8.0,5,6
957,6.0,3.286363636363636,14.2,7,6
958,1.2,1.2,4.5,3,3
959,1.05,3.5749999999999997,5.0,2,3
960,4.0,4.080263157894737,15.0,4,4
961,10.75,9.743124363636364,20.0,5,7
962,11.49,9.743124363636364,20.0,5,7
963,25.0,36.195757575757575,20.0,5,6
964,4.25,3.5698529411764706,8.0,5,5
965,1.85,15.967727272727274,5.5,3,3
966,9.0,18.38326530612245,8.7,3,3
967,3.5,3.5749999999999997,7.0,6,6
968,2.45,2.5246153846153847,5.6,5,7
969,0.45,0.6545454545454545,4.1,2,2
970,0.77,2.9976595744680847,2.4,1,1
971,0.95,2.9976595744680847,3.8,2,2
972,8.5,7.064183673469388,10.9,7,7
973,10.5,7.064183673469388,14.2,7,7
974,1.04,1.345,2.6,1,1
975,11.49,9.743124363636364,20.0,5,7
976,10.0,9.743124363636364,20.0,6,7
977,3.15,3.583207547169811,7.0,5,6
978,35.0,18.38326530612245,40.0,6,7
979,60.0,52.91935483870968,26.0,6,7
980,3.0,4.642857142857143,7.3,2,2
981,27.0,52.91935483870968,22.0,5,6
982,9.8,9.743124363636364,20.0,6,6
983,22.0,9.743124363636364,34.0,6,6
984,4.3,4.157913669064748,8.0,5,6
985,1.15,3.5698529411764706,3.3,2,2
986,0.75,3.5698529411764706,1.6,1,1
987,8.5,6.84,20.0,6,6
988,2.0,2.5246153846153847,5.3,2,2
989,7.5,9.666666666666666,7.1,2,2
990,3.4,6.419117647058823,7.6,2,2
991,2.15,1.345,5.3,2,2
992,1.3,1.345,2.7,1,1
993,1.05,15.967727272727274,2.9,1,1
994,1.45,3.286363636363636,4.4,2,2
995,1.9,9.743124363636364,8.7,3,3
996,5.5,15.18939393939394,10.2,3,4
997,45.0,52.91935483870968,26.0,6,7
998,38.0,15.18939393939394,36.0,6,6
999,14.0,15.18939393939394,20.0,3,4
1000,40.0,15.18939393939394,40.0,6,7
1001,72.0,84.7,32.0,6,7
1002,32.0,15.18939393939394,20.0,9,7
1003,175.0,36.195757575757575,80.0,8,6
1004,2.6,2.511978787878788,7.0,5,5
1005,0.55,0.55,3.9,2,2
1006,18.0,9.743124363636364,40.0,5,6
1007,3.35,7.064183673469388,4.0,4,5
1008,3.5,7.064183673469388,4.4,4,5
1009,4.5,8.486666666666666,5.0,5,5
1010,3.15,7.064183673469388,4.0,4,4
1011,7.25,8.066666666666666,7.0,5,7
1012,1.3,1.18,8.0,3,4
1013,6.5,4.195,12.0,6,6
1014,6.25,6.25,9.0,6,6
1015,50.0,55.45526315789474,42.0,6,6
1016,3.9,8.486666666666666,4.0,4,5
1017,6.5,7.064183673469388,8.0,6,6
1018,24.0,15.18939393939394,26.0,6,7
1019,115.0,52.91935483870968,42.0,6,6
1020,9.0,9.0,18.7,4,5
1021,45.0,18.38326530612245,40.0,7,7
1022,28.0,18.38326530612245,20.0,5,7
1023,32.0,36.195757575757575,22.0,5,5
1024,19.5,15.18939393939394,20.0,6,6
1025,32.0,15.18939393939394,20.0,7,7
1026,0.52,0.6545454545454545,4.1,2,2
1027,11.5,9.743124363636364,20.0,6,6
1028,13.23,18.38326530612245,11.7,4,5
1029,33.0,36.195757575757575,24.0,6,6
1030,45.0,36.195757575757575,40.0,9,7
1031,18.0,11.531578947368422,12.0,7,7
1032,9.3,9.743124363636364,20.0,6,6
1033,65.0,55.45526315789474,40.0,9,6
1034,0.73,2.9976595744680847,2.3,1,1
1035,3.55,7.064183673469388,4.0,4,3
1036,3.5,8.486666666666666,4.0,4,4
1037,2.9,7.064183673469388,4.0,4,4
1038,7.1,7.064183673469388,8.0,5,6
1039,3.7,8.486666666666666,4.0,4,5
1040,70.0,71.5,66.0,6,7
1041,9.7,15.18939393939394,9.3,7,7
1042,100.0,52.91935483870968,80.0,11,7
1043,40.0,52.91935483870968,20.0,9,7
1044,50.0,71.5,48.0,6,7
1045,135.0,52.91935483870968,80.0,11,7
1046,0.98,2.5811111111111114,6.0,2,2
1047,3.8,5.2,7.0,5,6
1048,35.0,18.38326530612245,40.0,8,7
1049,5.5,11.531578947368422,6.0,5,5
1050,5.5,11.531578947368422,6.0,4,4
1051,11.5,11.531578947368422,14.0,6,6
1052,11.5,11.531578947368422,12.0,6,6
1053,19.0,10.208433734939758,20.0,7,6
1054,5.65,4.157913669064748,10.0,5,6
1055,0.75,0.975,5.0,2,2
1056,1.65,1.18,8.0,3,3
1057,2.35,2.308888888888889,8.5,3,3
1058,12.2,9.743124363636364,20.0,7,6
1059,28.5,10.208433734939758,20.0,8,6
1060,3.15,7.064183673469388,4.0,4,4
1061,1.4,10.208433734939758,4.2,2,2
1062,9.95,9.743124363636364,20.0,5,6
1063,13.5,9.743124363636364,20.0,5,6
1064,11.5,9.743124363636364,20.0,6,6
1065,2.7,2.511978787878788,5.0,4,5
1066,9.5,6.596428571428572,20.0,6,6
1067,2.35,2.511978787878788,5.0,4,5
1068,6.5,7.064183673469388,7.0,4,4
1069,2.3,2.511978787878788,5.0,4,5
1070,2.8,2.511978787878788,5.0,4,5
1071,2.5,2.511978787878788,5.0,4,5
1072,2.25,2.511978787878788,5.0,4,5
1073,4.1,9.743124363636364,13.3,4,5
1074,3.0,4.080263157894737,8.0,4,4
1075,2.5,3.641666666666667,4.0,7,4
1076,1.35,1.18,8.0,3,3
1077,6.5,18.38326530612245,7.8,3,3
1078,0.75,2.9976595744680847,2.4,1,1
1079,3.05,9.743124363636364,10.0,3,4
1080,5.25,4.642857142857143,5.0,5,5
1081,3.55,9.743124363636364,11.9,3,3
1082,13.75,9.743124363636364,20.0,5,7
1083,13.75,9.743124363636364,20.0,5,6
1084,12.5,9.743124363636364,20.0,5,6
1085,6.75,10.208433734939758,4.0,3,3
1086,4.5,10.208433734939758,4.0,3,4
1087,13.0,10.208433734939758,10.0,5,6
1088,5.75,10.208433734939758,5.0,4,4
1089,2.5,2.511978787878788,5.0,4,5
1090,10.85,7.064183673469388,14.0,6,7
1091,6.75,4.080263157894737,20.0,6,6
1092,9.3,7.064183673469388,10.0,6,7
1093,8.15,7.064183673469388,10.0,6,7
1094,8.0,5.2,20.0,6,6
1095,3.1,3.543,6.0,5,6
1096,2.98,3.543,6.0,5,6
1097,3.0,3.286363636363636,7.0,4,6
1098,1.05,2.308888888888889,2.5,1,1
1099,1.85,1.85,6.4,2,3
1100,18.0,11.531578947368422,14.0,5,6
1101,4.15,2.9976595744680847,10.0,5,6
1102,0.55,0.6545454545454545,4.1,2,2
1103,0.5,0.6545454545454545,4.1,2,2
1104,0.5,0.6545454545454545,6.6,2,2
1105,0.74,2.9976595744680847,2.3,1,1
1106,0.7,2.9976595744680847,2.5,1,1
1107,11.5,9.743124363636364,20.0,6,6
1108,14.0,10.208433734939758,10.0,6,6
1109,10.0,10.208433734939758,8.0,4,5
1110,3.9,10.208433734939758,4.0,3,4
1111,11.5,10.208433734939758,10.0,5,6
1112,2.85,6.596428571428572,5.0,4,4
1113,16.5,18.38326530612245,20.0,5,6
1114,3.7,3.583207547169811,8.0,4,6
1115,3.4,3.583207547169811,8.0,5,6
1116,2.6,6.596428571428572,5.0,4,5
1117,8.5,6.596428571428572,20.0,6,6
1118,5.0,7.064183673469388,4.0,4,5
1119,5.25,4.080263157894737,20.0,3,4
1120,3.7,2.9976595744680847,10.0,5,6
1121,0.95,1.2494833333333333,3.8,3,3
1122,125.0,125.0,200.0,6,6
1123,3.01,9.743124363636364,12.2,3,4
1124,4.0,4.0,8.0,4,4
1125,9.0,6.45,26.0,5,5
1126,5.75,4.157913669064748,10.0,5,6
1127,3.9,3.5698529411764706,10.0,4,6
1128,35.5,18.38326530612245,42.0,6,6
1129,0.8492000000000001,9.743124363636364,2.5,1,1
1130,4.25,3.543,7.0,5,6
1131,4.3,2.6766666666666667,8.0,4,5
1132,2.65,2.5766666666666667,8.0,6,6
1133,25.0,36.195757575757575,22.0,5,6
1134,65.0,36.195757575757575,80.0,10,6
1135,29.0,52.91935483870968,26.0,6,6
1136,3.45,3.583207547169811,8.0,5,6
1137,2.4,3.583207547169811,8.0,2,3
1138,4.6,2.9976595744680847,10.0,5,6
1139,0.7,2.9976595744680847,2.5,1,1
1140,0.65,2.9976595744680847,2.7,1,1
1141,0.6,2.9976595744680847,2.5,1,1
1142,10.75,9.743124363636364,20.0,5,6
1143,11.9,9.743124363636364,20.0,5,6
1144,13.5,9.743124363636364,20.0,6,6
1145,2.3,3.5698529411764706,5.0,4,5
1146,16.5,18.38326530612245,20.0,5,5
1147,3.9,2.866153846153846,8.0,5,6
1148,12.0,3.5749999999999997,22.0,7,6
1149,9.45,7.064183673469388,10.0,6,7
1150,13.25,14.354166666666666,12.4,9,6
1151,75.0,84.7,32.0,6,7
1152,5.25,3.5749999999999997,15.0,7,7
1153,1.89,9.743124363636364,5.1,2,2
1154,1.8,1.9485714285714286,3.7,1,1
1155,3.85,2.5811111111111114,8.0,5,5
1156,5.6,4.157913669064748,10.0,5,6
1157,0.75,2.5766666666666667,2.5,1,1
1158,3.15,3.583207547169811,8.0,5,6
1159,3.4,3.583207547169811,8.0,5,6
1160,1.5,9.743124363636364,6.6,3,3
1161,5.8,6.45,10.0,5,5
1162,6.5,9.743124363636364,10.0,5,5
1163,3.3,2.511978787878788,8.0,4,4
1164,0.78,3.5698529411764706,3.6,2,2
1165,2.2,3.5698529411764706,5.0,4,4
1166,2.1,2.511978787878788,5.0,4,4
1167,2.25,2.511978787878788,8.0,2,3
1168,5.8,3.5698529411764706,12.0,6,6
1169,2.1,3.5698529411764706,5.0,4,4
1170,2.8,3.5698529411764706,5.0,4,6
1171,0.85,2.5811111111111114,4.2,2,2
1172,4.0,2.511978787878788,8.0,4,6
1173,1.85,1.85,6.2,2,2
1174,5.0,8.486666666666666,5.0,5,5
1175,3.35,9.743124363636364,8.0,2,2
1176,3.45,3.583207547169811,7.0,5,6
1177,9.5,15.18939393939394,10.9,5,6
1178,2.65,2.6766666666666667,5.0,4,5
1179,16.5,9.743124363636364,20.0,6,7
1180,5.5,6.45,10.0,5,6
1181,4.6,9.743124363636364,6.0,4,5
1182,25.0,10.208433734939758,20.0,9,7
1183,85.0,84.7,40.0,10,6
1184,6.85,4.642857142857143,8.0,4,4
1185,1.75,3.5749999999999997,5.0,5,6
1186,2.2,3.5749999999999997,6.0,4,6
1187,4.5,3.5749999999999997,11.0,5,6
1188,2.2,3.5698529411764706,5.0,4,4
1189,2.5,3.5698529411764706,5.0,4,4
1190,0.52,2.511978787878788,1.8,1,1
1191,2.2,3.5698529411764706,5.0,4,4
1192,2.65,3.5698529411764706,8.0,4,6
1193,5.5,3.5698529411764706,12.4,5,6
1194,2.6,3.5698529411764706,5.0,6,6
1195,5.7,8.066666666666666,6.6,4,4
1196,34.0,18.38326530612245,40.0,6,6
1197,2.6,15.18939393939394,7.6,2,2
1198,2.7,3.5749999999999997,8.0,4,6
1199,4.5,8.486666666666666,4.0,4,5
1200,26.0,45.5,400.0,1,1
1201,3.4,2.866153846153846,8.0,6,6
1202,10.8,7.064183673469388,14.0,5,7
1203,8.0,9.743124363636364,20.0,6,6
1204,10.0,9.743124363636364,20.0,5,6
1205,12.0,9.743124363636364,20.0,5,6
1206,5.5,4.157913669064748,10.0,6,7
1207,1.4,3.5749999999999997,5.0,3,4
1208,1.0,3.5749999999999997,4.0,3,3
1209,15.0,55.45526315789474,10.0,3,4
1210,25.75,36.195757575757575,20.0,4,6
1211,4.5,3.583207547169811,10.0,4,5
1212,2.5,3.583207547169811,5.0,4,5
1213,1.48,1.2494833333333333,4.4,2,2
1214,1.64,1.2494833333333333,4.9,2,2
1215,11.5,10.208433734939758,10.0,6,6
1216,27.25,36.195757575757575,26.0,5,5
1217,10.5,9.743124363636364,20.0,5,6
1218,9.9,9.743124363636364,20.0,5,6
1219,0.45,4.157913669064748,2.0,1,1
1220,3.9,9.743124363636364,5.0,4,5
1221,2.5,2.511978787878788,5.0,4,4
1222,2.01,9.743124363636364,5.8,2,2
1223,35.0,15.967727272727274,100.0,6,6
1224,8.0,18.38326530612245,8.7,3,3
1225,9.9,14.354166666666666,12.0,6,6
1226,10.0,14.354166666666666,14.0,3,3
1227,1.25,9.743124363636364,6.0,2,2
1228,1.55,9.743124363636364,6.6,3,3
1229,10.5,9.743124363636364,20.0,6,6
1230,1.35,1.65,5.0,3,3
1231,4.0,61.9,8.0,5,6
1232,1.6,2.2,5.0,5,6
1233,10.0,6.95,20.0,6,6
1234,3.9,6.95,8.0,5,6
1235,4.0,2.2,10.0,6,6
1236,1.95,2.2,5.0,5,6
1237,3.2,4.242857142857143,5.0,5,5
1238,3.65,3.583207547169811,7.0,5,7
1239,1.15,9.743124363636364,3.3,1,1
1240,5.75,10.208433734939758,5.0,4,4
1241,6.75,9.743124363636364,10.0,5,6
1242,4.3,2.511978787878788,11.6,3,4
1243,1.18,1.345,3.4,1,1
1244,14.0,14.354166666666666,14.0,5,5
1245,10.7,14.354166666666666,14.0,6,6
1246,7.0,9.743124363636364,10.0,5,6
1247,8.0,6.986666666666667,8.9,2,2
1248,5.5,6.986666666666667,5.1,1,1
1249,2.2,2.511978787878788,8.0,6,6
1250,10.75,7.064183673469388,14.0,6,6
1251,9.0,10.208433734939758,8.0,4,4
1252,1.95,1.65,5.0,6,6
1253,3.5,4.080263157894737,10.0,7,6
1254,3.0,2.584,20.0,6,6
1255,2.6,4.642857142857143,4.9,6,2
1256,2.65,4.080263157894737,7.0,6,5
1257,0.53,4.080263157894737,3.1,2,2
1258,2.65,15.18939393939394,7.8,2,2
1259,1.89,9.743124363636364,5.1,2,2
1260,1.93,9.743124363636364,5.2,2,2
1261,13.2,9.743124363636364,20.0,5,6
1262,5.65,10.208433734939758,5.0,4,4
1263,4.5,4.242857142857143,6.0,5,5
1264,22.0,15.18939393939394,22.0,7,6
1265,16.5,7.064183673469388,20.0,7,7
1266,16.7,7.064183673469388,20.0,8,7
1267,3.75,4.157913669064748,9.0,5,5
1268,11.5,14.354166666666666,14.0,5,5
1269,20.0,14.354166666666666,14.0,9,6
1270,16.0,7.064183673469388,20.0,7,7
1271,5.25,8.486666666666666,5.0,4,4
1272,7.75,15.18939393939394,15.6,4,4
1273,1.49,1.18,8.0,3,4
1274,1.65,3.286363636363636,8.0,3,3
1275,10.75,7.064183673469388,14.0,7,7
1276,4.75,4.642857142857143,5.3,4,4
1277,6.35,7.064183673469388,8.0,5,6
1278,4.5,4.642857142857143,5.6,4,5
1279,3.25,7.064183673469388,4.4,4,5
1280,9.0,7.064183673469388,10.9,5,6
1281,35.0,36.195757575757575,32.0,5,6
1282,22.0,15.18939393939394,26.0,7,6
1283,1.06,15.967727272727274,2.8,1,1
1284,2.92,9.743124363636364,12.0,3,4
1285,7.5,7.064183673469388,10.0,6,6
1286,13.7,9.743124363636364,20.0,5,6
1287,5.8,4.157913669064748,11.0,5,5
1288,3.4,7.064183673469388,4.0,4,5
1289,1.0,1.0,5.0,2,2
1290,0.72,2.9976595744680847,2.5,1,1
1291,2.72,2.72,5.0,4,4
1292,7.1,7.064183673469388,7.0,5,7
1293,2.4,4.157913669064748,5.0,3,3
1294,10.0,6.84,16.0,3,4
1295,6.3,4.157913669064748,10.0,5,7
1296,3.65,7.064183673469388,4.0,4,5
1297,50.0,52.91935483870968,42.0,6,6
1298,4.5,4.157913669064748,10.0,5,6
1299,4.65,2.9976595744680847,10.0,6,6
1300,5.8,4.642857142857143,5.5,4,5
1301,5.8,7.064183673469388,8.0,4,5
1302,5.75,4.642857142857143,5.5,5,5
1303,7.5,9.458333333333334,8.9,2,3
1304,4.25,7.064183673469388,4.4,10,5
1305,3.85,7.064183673469388,4.4,4,5
1306,25.0,36.195757575757575,20.0,5,6
1307,28.5,52.91935483870968,20.0,5,6
1308,10.5,7.064183673469388,14.0,7,6
1309,23.5,55.45526315789474,17.8,5,6
1310,7.5,4.080263157894737,20.0,7,6
1311,3.6,4.642857142857143,7.2,2,2
1312,8.3,3.5698529411764706,20.0,6,6
1313,4.5,4.5,10.0,6,6
1314,0.82,4.080263157894737,5.0,3,3
1315,2.95,2.5733333333333337,8.0,5,6
1316,0.5,4.157913669064748,2.4,1,1
1317,65.0,45.5,440.0,5,5
1318,4.5,7.064183673469388,4.0,4,5
1319,3.35,7.064183673469388,4.0,4,5
1320,2.94,9.743124363636364,5.2,2,2
1321,4.3,7.064183673469388,4.4,4,5
1322,4.1,7.064183673469388,4.4,4,5
1323,3.0,7.064183673469388,4.4,4,4
1324,8.5,7.064183673469388,10.9,5,6
1325,10.9,9.743124363636364,20.0,6,6
1326,11.75,9.743124363636364,20.0,5,6
1327,11.9,9.743124363636364,20.0,6,6
1328,8.95,9.743124363636364,20.0,6,6
1329,0.48,2.511978787878788,2.0,1,1
1330,2.49,9.743124363636364,10.0,3,3
1331,2.46,9.743124363636364,10.0,3,3
1332,2.5,9.743124363636364,10.0,3,3
1333,4.8,4.157913669064748,10.0,5,5
1334,9.5,18.38326530612245,10.2,3,3
1335,58.0,55.45526315789474,46.0,6,6
1336,90.0,55.45526315789474,40.0,9,6
1337,45.0,52.91935483870968,40.0,6,6
1338,94.5,71.5,74.0,6,7
1339,9.95,9.743124363636364,20.0,6,6
1340,6.0,36.195757575757575,5.1,1,1
1341,3.4,3.583207547169811,7.0,5,5
1342,2.5,3.5698529411764706,7.0,5,5
1343,1.53,15.967727272727274,3.4,2,2
1344,2.65,4.080263157894737,5.0,5,5
1345,0.65,15.967727272727274,2.4,1,1
1346,1.3,4.157913669064748,6.3,2,2
1347,1.38,4.157913669064748,7.5,3,3
1348,2.7,2.58,8.0,5,5
1349,1.78,2.58,8.0,3,3
1350,7.25,4.195,12.0,6,6
1351,5.0,2.58,24.0,7,6
1352,1.5,1.9,5.0,5,5
1353,1.85,6.419117647058823,6.2,2,2
1354,11.5,9.743124363636364,20.0,5,6
1355,2.35,4.157913669064748,5.0,3,4
1356,0.65,3.583207547169811,2.9,2,2
1357,9.15,6.596428571428572,20.0,7,6
1358,8.75,4.642857142857143,8.0,5,6
1359,5.9,4.642857142857143,5.0,5,6
1360,0.22,4.157913669064748,2.4,1,1
1361,4.75,3.5698529411764706,10.9,6,6
1362,16.5,7.064183673469388,20.0,6,6
1363,12.25,9.743124363636364,20.0,6,6
1364,2.35,2.511978787878788,5.0,4,6
1365,3.3,3.5749999999999997,8.0,4,4
1366,1.35,4.157913669064748,7.5,3,3
1367,16.0,16.0,46.0,5,6
1368,1.1,2.58,5.6,2,3
1369,5.75,10.208433734939758,5.0,4,4
1370,7.1,7.064183673469388,8.0,4,5
1371,4.6,15.18939393939394,11.6,4,4
1372,3.7,2.511978787878788,8.0,5,6
1373,1.25,9.743124363636364,26.0,3,1
1374,14.75,9.743124363636364,20.0,5,5
1375,13.5,9.743124363636364,20.0,5,5
1376,4.9,7.064183673469388,4.0,4,4
1377,7.0,8.066666666666666,6.7,5,6
1378,3.4,2.308888888888889,8.0,5,5
1379,2.7,2.5811111111111114,5.0,5,5
1380,7.75,9.743124363636364,20.0,6,6
1381,2.79,9.743124363636364,6.0,2,3
1382,1.8,1.8,5.0,4,4
1383,1.49,4.157913669064748,6.4,2,3
1384,2.8,2.8,8.0,4,5
1385,1.04,4.157913669064748,2.6,1,1
1386,7.8,3.5698529411764706,14.0,10,6
1387,0.7,2.511978787878788,2.4,2,2
1388,2.3,2.866153846153846,5.6,4,5
1389,12.0,3.5749999999999997,24.0,5,6
1390,14.5,55.45526315789474,10.0,4,3
1391,10.6,9.743124363636364,20.0,5,5
1392,14.75,9.743124363636364,20.0,5,5
1393,13.95,9.743124363636364,20.0,5,6
1394,12.5,9.743124363636364,20.0,5,6
1395,17.5,18.38326530612245,20.0,7,6
1396,19.5,15.18939393939394,20.0,8,6
1397,22.5,18.38326530612245,24.0,8,6
1398,25.0,52.91935483870968,26.0,6,6
1399,2.8,2.511978787878788,5.0,4,5
1400,1.6,1.525,7.0,2,3
1401,4.25,3.5698529411764706,8.0,5,7
1402,1.4,3.5749999999999997,5.0,4,4
1403,4.0,3.5072727272727273,7.0,5,6
1404,2.25,1.9485714285714286,5.0,4,5
1405,7.25,8.066666666666666,6.0,7,7
1406,2.65,9.743124363636364,10.0,3,3
1407,5.5,3.5698529411764706,10.0,5,6
1408,10.9,9.743124363636364,20.0,6,6
1409,11.9,9.743124363636364,20.0,6,6
1410,3.4,3.583207547169811,7.0,5,6
1411,3.45,3.583207547169811,7.0,5,6
1412,4.5,3.583207547169811,10.0,4,4
1413,2.4,3.583207547169811,7.0,2,3
1414,1.19,4.157913669064748,6.1,2,2
1415,32.0,18.38326530612245,40.0,8,6
1416,17.0,18.38326530612245,20.0,9,6
1417,24.0,36.195757575757575,22.0,4,4
1418,3.1,1.9485714285714286,12.0,6,6
1419,8.5,6.419117647058823,10.9,8,6
1420,22.0,15.18939393939394,20.0,8,6
1421,16.0,18.38326530612245,20.0,7,6
1422,7.0,6.419117647058823,10.0,6,6
1423,5.25,9.743124363636364,10.0,5,7
1424,2.29,3.5072727272727273,7.0,5,5
1425,3.9,3.5072727272727273,7.0,5,6
1426,4.25,4.080263157894737,10.0,7,6
1427,3.9,9.743124363636364,14.2,4,5
1428,1.85,6.419117647058823,7.1,2,3
1429,0.41,2.5766666666666667,3.7,2,2
1430,11.85,7.064183673469388,14.0,6,6
1431,17.0,7.064183673469388,20.0,6,6
1432,20.0,8.486666666666666,26.0,8,6
1433,14.5,9.743124363636364,20.0,5,6
1434,11.9,9.743124363636364,20.0,5,6
1435,3.25,4.157913669064748,8.0,5,6
1436,4.3,2.511978787878788,8.0,5,6
1437,7.25,4.441666666666666,24.0,5,6
1438,2.95,4.642857142857143,3.6,4,3
1439,0.695,1.18,5.0,2,2
1440,16.0,15.18939393939394,20.0,6,6
1441,15.0,6.419117647058823,20.0,9,6
1442,7.5,6.419117647058823,8.0,6,6
1443,7.9,6.419117647058823,8.0,5,5
1444,4.15,4.157913669064748,9.0,5,5
1445,4.5,4.157913669064748,10.0,5,5
1446,13.75,9.743124363636364,20.0,5,6
1447,0.56,0.56,3.0,2,2
1448,8.2,18.38326530612245,8.7,3,3
1449,13.5,9.458333333333334,11.8,3,4
1450,2.15,2.15,4.9,3,3
1451,0.85,2.511978787878788,4.7,2,2
1452,1.1,1.345,2.6,1,1
1453,7.5,4.080263157894737,20.0,7,7
1454,0.5,3.583207547169811,3.1,2,2
1455,1.95,2.584,5.0,4,4
1456,11.4,10.208433734939758,10.0,6,6
1457,3.3,9.743124363636364,12.0,3,3
1458,5.1,7.064183673469388,7.0,5,5
1459,1.5,15.967727272727274,3.3,1,1
1460,14.0,15.18939393939394,16.0,7,7
1461,170.0,84.7,50.0,10,7
1462,12.75,9.743124363636364,20.0,6,6
1463,12.75,9.743124363636364,20.0,6,6
1464,12.0,9.743124363636364,20.0,6,7
1465,12.75,9.743124363636364,20.0,6,7
1466,3.5,9.743124363636364,5.0,3,4
1467,1.9,3.5749999999999997,5.0,4,5
1468,8.75,15.875,8.8,2,3
1469,4.9,4.642857142857143,8.9,3,3
1470,24.5,18.38326530612245,20.0,5,6
1471,2.0,2.511978787878788,11.6,4,4
1472,10.0,15.18939393939394,10.0,4,5
1473,13.0,6.419117647058823,20.0,6,6
1474,1.35,2.9976595744680847,6.4,3,3
1475,3.85,3.5698529411764706,7.0,5,5
1476,14.9,9.743124363636364,20.0,5,6
1477,1.3,3.5749999999999997,5.0,2,2
1478,16.1,9.743124363636364,20.0,9,7
1479,1.4,3.5749999999999997,5.0,3,4
1480,13.9,9.743124363636364,20.0,5,6
1481,5.25,3.5072727272727273,10.0,5,6
1482,5.25,7.064183673469388,8.0,6,7
1483,8.0,7.064183673469388,10.9,6,7
1484,3.25,7.064183673469388,4.4,4,5
1485,175.0,55.45526315789474,96.0,5,5
1486,30.0,18.38326530612245,32.0,5,5
1487,8.9,18.38326530612245,9.0,3,3
1488,23.0,23.0,19.3,4,6
1489,9.0,36.195757575757575,9.0,2,3
1490,32.0,18.38326530612245,40.0,5,6
1491,32.0,18.38326530612245,20.0,5,7
1492,4.9,4.642857142857143,7.9,3,3
1493,4.9,4.642857142857143,7.9,3,3
1494,1.5,1.4416666666666667,5.0,5,5
1495,9.0,11.531578947368422,14.0,5,5
1496,4.6,9.743124363636364,8.0,4,5
1497,1.55,9.743124363636364,5.1,3,3
1498,0.5,0.6545454545454545,4.1,2,2
1499,0.55,0.6545454545454545,4.1,2,2
1500,7.75,7.064183673469388,10.0,5,5
1501,5.85,2.511978787878788,10.0,9,6
1502,2.3,3.5749999999999997,6.0,4,4
1503,8.5,10.208433734939758,10.0,4,4
1504,4.75,10.208433734939758,4.0,3,4
1505,3.0,3.543,6.0,5,5
1506,8.5,7.064183673469388,10.0,6,6
1507,4.35,2.6766666666666667,8.0,4,5
1508,3.9,9.743124363636364,14.2,4,5
1509,2.65,6.596428571428572,5.0,4,4
1510,35.0,52.91935483870968,26.0,6,6
1511,3.5,4.642857142857143,5.6,2,2
1512,4.1,4.642857142857143,6.9,2,2
1513,8.9,18.38326530612245,9.0,3,3
1514,11.5,10.208433734939758,10.0,5,6
1515,32.0,18.38326530612245,22.0,5,6
1516,30.0,36.195757575757575,26.0,6,6
1517,22.0,18.38326530612245,20.0,6,6
1518,0.5,0.6545454545454545,6.6,2,2
1519,18.5,14.354166666666666,24.0,8,7
1520,13.5,8.066666666666666,20.0,6,6
1521,2.6,9.743124363636364,9.8,3,4
1522,1.55,9.743124363636364,5.1,3,3
1523,3.5,15.967727272727274,7.8,2,2
1524,7.0,7.064183673469388,7.0,6,6
1525,3.85,2.511978787878788,10.0,4,4
1526,2.6,3.583207547169811,5.0,4,7
1527,4.0,2.5733333333333337,8.0,6,7
1528,13.0,10.208433734939758,10.0,5,5
1529,12.0,10.208433734939758,10.0,6,6
1530,5.9,6.596428571428572,20.0,4,5
1531,2.5,18.38326530612245,1.8,1,1
1532,8.5,18.38326530612245,9.0,3,4
1533,16.0,18.38326530612245,12.4,4,5
1534,20.0,8.486666666666666,20.0,6,6
1535,4.25,10.208433734939758,4.0,3,4
1536,8.0,6.419117647058823,10.0,4,5
1537,7.0,6.419117647058823,9.0,4,6
1538,15.5,6.419117647058823,20.0,4,5
1539,1.02,2.511978787878788,4.7,2,2
1540,12.0,9.743124363636364,20.0,5,6
1541,11.8,9.743124363636364,20.0,6,7
1542,7.8,6.596428571428572,20.0,6,6
1543,6.3,4.642857142857143,8.0,5,5
1544,1.95,3.5749999999999997,5.0,3,3
1545,1.05,2.511978787878788,6.7,3,3
1546,1.55,2.9976595744680847,5.5,2,2
1547,1.25,3.5749999999999997,5.0,2,3
1548,2.0,3.5749999999999997,8.0,4,5
1549,2.4,3.5749999999999997,7.0,4,6
1550,2.5,3.5749999999999997,6.0,5,6
1551,5.3,6.419117647058823,8.0,5,6
1552,25.0,10.208433734939758,20.0,9,6
1553,12.5,10.208433734939758,10.0,5,6
1554,3.95,8.486666666666666,4.0,4,4
1555,4.75,10.208433734939758,4.0,3,4
1556,5.75,10.208433734939758,5.0,3,4
1557,2.65,4.080263157894737,5.0,5,6
1558,2.35,2.511978787878788,5.0,4,5
1559,11.65,9.743124363636364,20.0,6,7
1560,13.9,9.743124363636364,20.0,5,6
1561,10.5,9.743124363636364,20.0,5,6
1562,11.5,9.743124363636364,20.0,5,6
1563,3.8,3.5698529411764706,10.0,7,6
1564,0.7,0.7,3.7,2,2
1565,7.9,3.5698529411764706,14.0,6,6
1566,0.55,3.5698529411764706,3.3,2,2
